1,Wild Blueberries,Wild Blueberries: ANTHOCYANIN | ANTIOXIDANTS | FIBER | VITAMINS
2,Organic Strawberries,Organic Strawberries: ANTIOXIDANTS | VITAMINS | FIBER
3,Blackberries,Blackberries: ANTHOCYANIN | ANTIOXIDANTS | VITAMINS | FIBER
4,Avocado,Avocado: VITAMINS | MONOUNSAT FATS | FIBER | NUTRIENT UPTAKE
5,Pineapple,Pineapple: VITAMINS | PROTEIN DIGESTION | FIBER
6,Raspberries,Raspberries: ANTIOXIDANTS | VITAMINS
7,Naval Oranges, Naval Oranges: ANTIOXIDANTS | VITAMINS
8,Red Grapes,Red Grapes: ANTIOXIDANTS | VITAMINS
9,Mandarin Oranges,Mandarin Oranges: ANTIOXIDANTS | VITAMINS
10,Grapefruit,Grapefruit: ANTIOXIDANTS | VITAMINS
11,Pomegranate,Pomegranate: PUNICALAGINS | ANTIOXIDANTS | VITAMINS | HOLLISTIC HEALTH
12,Banana,Banana: ENERGY | DIGESTIONS | VITAMINS
13,Peach,Peach: VITAMINS | ANTIOXIDANTS
14,Kiwi,Kiwi: PROTEIN DIGESTIONS | VITAMINS | ANTIOXIDANTS | BLOOD SUGAR CONTROL
15,Golden Kiwi,Golden Kiwi: PROTEIN DIGESTION | VITAMINS | ANTIOXIDANTS | BLOOD SUGAR CONTROL
16,Melon,Melon: VITAMINS | ENERGY | HYDRATION
17,Apple,Apple: PREBIOTIC | VITAMINS | FIBER